{
  "config": {
    "model_name": "distilbert-base-uncased",
    "max_length": 256,
    "train_samples": -1,
    "val_samples": -1,
    "contradiction_samples": 500,
    "batch_size": 32,
    "eval_batch_size": 64,
    "lr": 2e-05,
    "weight_decay": 0.01,
    "epochs": 5,
    "warmup_ratio": 0.06,
    "grad_accum": 2,
    "max_grad_norm": 1.0,
    "seed": 42,
    "use_bf16": true,
    "hidden_probe_epochs": 120,
    "hidden_probe_lr": 0.01,
    "hidden_probe_wd": 0.0001,
    "probe_train_samples": 2500,
    "probe_val_samples": 1000,
    "mi_lambda": 0.01,
    "mi_warmup_steps": 200,
    "mi_strategy": "cosine",
    "output_dir": "mechanistic_results_distil_full"
  },
  "variants": [
    "baseline",
    "mitr_adj",
    "mitr_all"
  ],
  "final_metrics": {
    "baseline": {
      "final_accuracy": 0.7085626911314985,
      "final_val_loss": 0.6285047657214679,
      "contradiction_rate": 0.56,
      "consistency_rate": 0.43999999999999995
    },
    "mitr_adj": {
      "final_accuracy": 0.710091743119266,
      "final_val_loss": 0.6328438124977626,
      "contradiction_rate": 0.546,
      "consistency_rate": 0.45399999999999996
    },
    "mitr_all": {
      "final_accuracy": 0.7097859327217125,
      "final_val_loss": 0.6311341432424692,
      "contradiction_rate": 0.548,
      "consistency_rate": 0.45199999999999996
    }
  },
  "histories": {
    "baseline": {
      "epoch": [
        1,
        2,
        3,
        4,
        5
      ],
      "train_loss": [
        0.6545774734626382,
        0.5751381158828736,
        0.4849169728109392,
        0.4049617349091223,
        0.36283374893463266
      ],
      "train_mi_loss": [
        0.0,
        0.0,
        0.0,
        0.0,
        0.0
      ],
      "val_accuracy": [
        0.6620795107033639,
        0.6960244648318042,
        0.7036697247706422,
        0.710703363914373,
        0.7085626911314985
      ],
      "val_loss": [
        0.6194761223517932,
        0.5793011005108173,
        0.5897963597224309,
        0.615267924964428,
        0.6285047657214679
      ]
    },
    "mitr_adj": {
      "epoch": [
        1,
        2,
        3,
        4,
        5
      ],
      "train_loss": [
        0.6503855152655456,
        0.5667706938113196,
        0.4748433105016159,
        0.3971370687424126,
        0.35621791582996565
      ],
      "train_mi_loss": [
        0.08625943392546753,
        -0.24955518281055708,
        -0.29561346375336084,
        -0.30935661227016126,
        -0.31150114122083633
      ],
      "val_accuracy": [
        0.6602446483180429,
        0.689908256880734,
        0.7064220183486238,
        0.710091743119266,
        0.710091743119266
      ],
      "val_loss": [
        0.6176678584172175,
        0.5790574000431941,
        0.5944058098472081,
        0.619981080866777,
        0.6328438124977626
      ]
    },
    "mitr_all": {
      "epoch": [
        1,
        2,
        3,
        4,
        5
      ],
      "train_loss": [
        0.6502472694647514,
        0.5682337018392853,
        0.4782128454264948,
        0.3992053428443812,
        0.3583745623544111
      ],
      "train_mi_loss": [
        0.008398984819334947,
        -0.08538640849923683,
        -0.11635611686161008,
        -0.12740746302119757,
        -0.12839703413389497
      ],
      "val_accuracy": [
        0.6629969418960244,
        0.691743119266055,
        0.7055045871559633,
        0.7119266055045872,
        0.7097859327217125
      ],
      "val_loss": [
        0.6187624323826569,
        0.5798508570744441,
        0.5921188254769032,
        0.6179470035892266,
        0.6311341432424692
      ]
    }
  },
  "probe_results": {
    "baseline": {
      "answer": [
        0.625,
        0.628000020980835,
        0.6490000486373901,
        0.6320000290870667,
        0.659000039100647,
        0.687000036239624,
        0.6990000605583191
      ],
      "negation": [
        0.9890000224113464,
        0.9890000224113464,
        0.9890000224113464,
        0.9890000224113464,
        0.9880000352859497,
        0.9880000352859497,
        0.9880000352859497
      ],
      "layers": [
        0,
        1,
        2,
        3,
        4,
        5,
        6
      ]
    },
    "mitr_adj": {
      "answer": [
        0.625,
        0.6270000338554382,
        0.6340000033378601,
        0.6370000243186951,
        0.6500000357627869,
        0.687000036239624,
        0.6950000524520874
      ],
      "negation": [
        0.9890000224113464,
        0.9890000224113464,
        0.9890000224113464,
        0.9890000224113464,
        0.9880000352859497,
        0.987000048160553,
        0.9880000352859497
      ],
      "layers": [
        0,
        1,
        2,
        3,
        4,
        5,
        6
      ]
    },
    "mitr_all": {
      "answer": [
        0.625,
        0.6290000081062317,
        0.6350000500679016,
        0.6340000033378601,
        0.6520000100135803,
        0.6850000619888306,
        0.7020000219345093
      ],
      "negation": [
        0.9890000224113464,
        0.9890000224113464,
        0.9890000224113464,
        0.9890000224113464,
        0.9880000352859497,
        0.987000048160553,
        0.9880000352859497
      ],
      "layers": [
        0,
        1,
        2,
        3,
        4,
        5,
        6
      ]
    }
  },
  "cka_stats": {
    "baseline": {
      "adjacent_mean": 0.5746796131134033,
      "non_adjacent_mean": 0.2451820820569992
    },
    "mitr_adj": {
      "adjacent_mean": 0.5632602572441101,
      "non_adjacent_mean": 0.24442759156227112
    },
    "mitr_all": {
      "adjacent_mean": 0.5731662511825562,
      "non_adjacent_mean": 0.2426500767469406
    }
  }
}