{
  "config": {
    "model_name": "roberta-base",
    "max_length": 256,
    "train_samples": -1,
    "val_samples": -1,
    "contradiction_samples": 500,
    "batch_size": 32,
    "eval_batch_size": 64,
    "lr": 2e-05,
    "weight_decay": 0.01,
    "epochs": 5,
    "warmup_ratio": 0.06,
    "grad_accum": 2,
    "max_grad_norm": 1.0,
    "seed": 42,
    "use_bf16": true,
    "hidden_probe_epochs": 120,
    "hidden_probe_lr": 0.01,
    "hidden_probe_wd": 0.0001,
    "probe_train_samples": 2500,
    "probe_val_samples": 1000,
    "mi_lambda": 0.01,
    "mi_warmup_steps": 200,
    "mi_strategy": "cosine",
    "output_dir": "mechanistic_results_roberta_full"
  },
  "variants": [
    "baseline",
    "mitr_adj",
    "mitr_all"
  ],
  "final_metrics": {
    "baseline": {
      "final_accuracy": 0.7614678899082569,
      "final_val_loss": 0.5574268377744235,
      "contradiction_rate": 0.614,
      "consistency_rate": 0.386
    },
    "mitr_adj": {
      "final_accuracy": 0.7525993883792049,
      "final_val_loss": 0.5857741589156481,
      "contradiction_rate": 0.662,
      "consistency_rate": 0.33799999999999997
    },
    "mitr_all": {
      "final_accuracy": 0.7584097859327217,
      "final_val_loss": 0.5639386300284129,
      "contradiction_rate": 0.61,
      "consistency_rate": 0.39
    }
  },
  "histories": {
    "baseline": {
      "epoch": [
        1,
        2,
        3,
        4,
        5
      ],
      "train_loss": [
        0.6604506943185451,
        0.5776718630629071,
        0.47058304608878443,
        0.3721276602502597,
        0.3224151094081038
      ],
      "train_mi_loss": [
        0.0,
        0.0,
        0.0,
        0.0,
        0.0
      ],
      "val_accuracy": [
        0.645565749235474,
        0.7305810397553517,
        0.7388379204892966,
        0.7620795107033639,
        0.7614678899082569
      ],
      "val_loss": [
        0.6273709810697116,
        0.5288709247341523,
        0.5507603792043833,
        0.534960942199597,
        0.5574268377744235
      ]
    },
    "mitr_adj": {
      "epoch": [
        1,
        2,
        3,
        4,
        5
      ],
      "train_loss": [
        0.6548990405212014,
        0.5788894575531199,
        0.47840974305645895,
        0.37181780025110406,
        0.32282660136283453
      ],
      "train_mi_loss": [
        -0.07032102851778707,
        -0.2356318110631684,
        -0.26429676984326317,
        -0.27443000926809796,
        -0.2772832398697481
      ],
      "val_accuracy": [
        0.6507645259938838,
        0.7128440366972477,
        0.7318042813455657,
        0.7519877675840979,
        0.7525993883792049
      ],
      "val_loss": [
        0.6234538738544171,
        0.5537327740054864,
        0.560669214106523,
        0.5714686223520682,
        0.5857741589156481
      ]
    },
    "mitr_all": {
      "epoch": [
        1,
        2,
        3,
        4,
        5
      ],
      "train_loss": [
        0.6554601273294223,
        0.5747653083275941,
        0.46452727999727605,
        0.3632855605776027,
        0.3144990143129381
      ],
      "train_mi_loss": [
        -0.06844801630003977,
        -0.07042315195677644,
        -0.06792579980219825,
        -0.06630682846752264,
        -0.0661273334996175
      ],
      "val_accuracy": [
        0.6553516819571865,
        0.7293577981651376,
        0.7281345565749235,
        0.7602446483180428,
        0.7584097859327217
      ],
      "val_loss": [
        0.6218686717060896,
        0.5378847609345729,
        0.5857796669006348,
        0.5431518311110827,
        0.5639386300284129
      ]
    }
  },
  "probe_results": {
    "baseline": {
      "answer": [
        0.625,
        0.6270000338554382,
        0.6240000128746033,
        0.625,
        0.6260000467300415,
        0.6450000405311584,
        0.6340000033378601,
        0.6420000195503235,
        0.6700000166893005,
        0.7420000433921814,
        0.7620000243186951,
        0.7570000290870667,
        0.7660000324249268
      ],
      "negation": [
        0.9890000224113464,
        0.9890000224113464,
        0.9890000224113464,
        0.9890000224113464,
        0.9890000224113464,
        0.9890000224113464,
        0.9890000224113464,
        0.9890000224113464,
        0.9890000224113464,
        0.9890000224113464,
        0.9890000224113464,
        0.9890000224113464,
        0.987000048160553
      ],
      "layers": [
        0,
        1,
        2,
        3,
        4,
        5,
        6,
        7,
        8,
        9,
        10,
        11,
        12
      ]
    },
    "mitr_adj": {
      "answer": [
        0.625,
        0.628000020980835,
        0.6230000257492065,
        0.6270000338554382,
        0.6270000338554382,
        0.6600000262260437,
        0.64000004529953,
        0.6480000019073486,
        0.6880000233650208,
        0.7100000381469727,
        0.7520000338554382,
        0.753000020980835,
        0.7490000128746033
      ],
      "negation": [
        0.9890000224113464,
        0.9890000224113464,
        0.9890000224113464,
        0.9890000224113464,
        0.9890000224113464,
        0.9890000224113464,
        0.9890000224113464,
        0.9890000224113464,
        0.9890000224113464,
        0.9890000224113464,
        0.9890000224113464,
        0.9890000224113464,
        0.9880000352859497
      ],
      "layers": [
        0,
        1,
        2,
        3,
        4,
        5,
        6,
        7,
        8,
        9,
        10,
        11,
        12
      ]
    },
    "mitr_all": {
      "answer": [
        0.625,
        0.625,
        0.625,
        0.6230000257492065,
        0.6230000257492065,
        0.6360000371932983,
        0.6350000500679016,
        0.6630000472068787,
        0.6480000019073486,
        0.7230000495910645,
        0.7440000176429749,
        0.753000020980835,
        0.7640000581741333
      ],
      "negation": [
        0.9890000224113464,
        0.9890000224113464,
        0.9890000224113464,
        0.9890000224113464,
        0.9890000224113464,
        0.9890000224113464,
        0.9890000224113464,
        0.9890000224113464,
        0.9890000224113464,
        0.9890000224113464,
        0.9890000224113464,
        0.9890000224113464,
        0.9880000352859497
      ],
      "layers": [
        0,
        1,
        2,
        3,
        4,
        5,
        6,
        7,
        8,
        9,
        10,
        11,
        12
      ]
    }
  },
  "cka_stats": {
    "baseline": {
      "adjacent_mean": 0.639686644077301,
      "non_adjacent_mean": 0.23221464455127716
    },
    "mitr_adj": {
      "adjacent_mean": 0.7295799851417542,
      "non_adjacent_mean": 0.2361105978488922
    },
    "mitr_all": {
      "adjacent_mean": 0.6232556700706482,
      "non_adjacent_mean": 0.1757618933916092
    }
  }
}