{
  "config": {
    "model_name": "bert-base-uncased",
    "max_length": 256,
    "train_samples": -1,
    "val_samples": -1,
    "contradiction_samples": 500,
    "batch_size": 32,
    "eval_batch_size": 64,
    "lr": 2e-05,
    "weight_decay": 0.01,
    "epochs": 5,
    "warmup_ratio": 0.06,
    "grad_accum": 2,
    "max_grad_norm": 1.0,
    "seed": 42,
    "use_bf16": true,
    "hidden_probe_epochs": 120,
    "hidden_probe_lr": 0.01,
    "hidden_probe_wd": 0.0001,
    "probe_train_samples": 2500,
    "probe_val_samples": 1000,
    "mi_lambda": 0.01,
    "mi_warmup_steps": 200,
    "mi_strategy": "cosine",
    "output_dir": "mechanistic_results_bert_full"
  },
  "variants": [
    "baseline",
    "mitr_adj",
    "mitr_all"
  ],
  "final_metrics": {
    "baseline": {
      "final_accuracy": 0.7097859327217125,
      "final_val_loss": 0.6706990095285269,
      "contradiction_rate": 0.768,
      "consistency_rate": 0.23199999999999998
    },
    "mitr_adj": {
      "final_accuracy": 0.7073394495412844,
      "final_val_loss": 0.6717742532491684,
      "contradiction_rate": 0.776,
      "consistency_rate": 0.22399999999999998
    },
    "mitr_all": {
      "final_accuracy": 0.708256880733945,
      "final_val_loss": 0.670726586992924,
      "contradiction_rate": 0.772,
      "consistency_rate": 0.22799999999999998
    }
  },
  "histories": {
    "baseline": {
      "epoch": [
        1,
        2,
        3,
        4,
        5
      ],
      "train_loss": [
        0.6502781211319616,
        0.5650063316700822,
        0.46016149945178275,
        0.365637237641771,
        0.32125005762455827
      ],
      "train_mi_loss": [
        0.0,
        0.0,
        0.0,
        0.0,
        0.0
      ],
      "val_accuracy": [
        0.6700305810397553,
        0.6993883792048929,
        0.7064220183486238,
        0.7143730886850153,
        0.7097859327217125
      ],
      "val_loss": [
        0.6057416962889525,
        0.5829549936147836,
        0.6077775347691315,
        0.6517032167086234,
        0.6706990095285269
      ]
    },
    "mitr_adj": {
      "epoch": [
        1,
        2,
        3,
        4,
        5
      ],
      "train_loss": [
        0.6456497825808444,
        0.5573347821074017,
        0.4550766830222081,
        0.3602031380948374,
        0.31629285686096903
      ],
      "train_mi_loss": [
        0.017980939272388627,
        -0.16174316744683154,
        -0.22208451148817096,
        -0.2393201903771546,
        -0.2433148759906575
      ],
      "val_accuracy": [
        0.6660550458715596,
        0.6981651376146789,
        0.7091743119266055,
        0.7165137614678899,
        0.7073394495412844
      ],
      "val_loss": [
        0.6074184517447765,
        0.5843265240009015,
        0.6086201541698896,
        0.6529379807985746,
        0.6717742532491684
      ]
    },
    "mitr_all": {
      "epoch": [
        1,
        2,
        3,
        4,
        5
      ],
      "train_loss": [
        0.6453709604376453,
        0.5580359250812207,
        0.4548947261551679,
        0.3610948545952975,
        0.31730252686193433
      ],
      "train_mi_loss": [
        -0.011974287342037947,
        -0.05345272815833658,
        -0.057099401736158434,
        -0.0581226492711043,
        -0.058500914818654624
      ],
      "val_accuracy": [
        0.6633027522935779,
        0.6996941896024464,
        0.708256880733945,
        0.7137614678899082,
        0.708256880733945
      ],
      "val_loss": [
        0.6075427228441606,
        0.5830309448333887,
        0.6085108977097732,
        0.6498549534724309,
        0.670726586992924
      ]
    }
  },
  "probe_results": {
    "baseline": {
      "answer": [
        0.625,
        0.625,
        0.6080000400543213,
        0.6180000305175781,
        0.6210000514984131,
        0.625,
        0.64000004529953,
        0.6550000309944153,
        0.6640000343322754,
        0.6760000586509705,
        0.690000057220459,
        0.7000000476837158,
        0.7020000219345093
      ],
      "negation": [
        0.9890000224113464,
        0.9890000224113464,
        0.9890000224113464,
        0.9890000224113464,
        0.9890000224113464,
        0.9890000224113464,
        0.9890000224113464,
        0.9890000224113464,
        0.9890000224113464,
        0.9880000352859497,
        0.9910000562667847,
        0.9910000562667847,
        0.9910000562667847
      ],
      "layers": [
        0,
        1,
        2,
        3,
        4,
        5,
        6,
        7,
        8,
        9,
        10,
        11,
        12
      ]
    },
    "mitr_adj": {
      "answer": [
        0.625,
        0.6220000386238098,
        0.6030000448226929,
        0.6310000419616699,
        0.6110000014305115,
        0.6190000176429749,
        0.6340000033378601,
        0.6620000600814819,
        0.6700000166893005,
        0.6800000071525574,
        0.6860000491142273,
        0.690000057220459,
        0.6970000267028809
      ],
      "negation": [
        0.9890000224113464,
        0.9890000224113464,
        0.9890000224113464,
        0.9890000224113464,
        0.9890000224113464,
        0.9890000224113464,
        0.9890000224113464,
        0.9890000224113464,
        0.9890000224113464,
        0.9880000352859497,
        0.9910000562667847,
        0.9910000562667847,
        0.9910000562667847
      ],
      "layers": [
        0,
        1,
        2,
        3,
        4,
        5,
        6,
        7,
        8,
        9,
        10,
        11,
        12
      ]
    },
    "mitr_all": {
      "answer": [
        0.625,
        0.6210000514984131,
        0.6070000529289246,
        0.6260000467300415,
        0.6180000305175781,
        0.6310000419616699,
        0.6520000100135803,
        0.675000011920929,
        0.6760000586509705,
        0.6820000410079956,
        0.6880000233650208,
        0.6960000395774841,
        0.6990000605583191
      ],
      "negation": [
        0.9890000224113464,
        0.9890000224113464,
        0.9890000224113464,
        0.9890000224113464,
        0.9890000224113464,
        0.9890000224113464,
        0.9890000224113464,
        0.9890000224113464,
        0.9890000224113464,
        0.9880000352859497,
        0.9900000691413879,
        0.9890000224113464,
        0.9910000562667847
      ],
      "layers": [
        0,
        1,
        2,
        3,
        4,
        5,
        6,
        7,
        8,
        9,
        10,
        11,
        12
      ]
    }
  },
  "cka_stats": {
    "baseline": {
      "adjacent_mean": 0.7347280979156494,
      "non_adjacent_mean": 0.2882228195667267
    },
    "mitr_adj": {
      "adjacent_mean": 0.7337645888328552,
      "non_adjacent_mean": 0.2880541682243347
    },
    "mitr_all": {
      "adjacent_mean": 0.7324987053871155,
      "non_adjacent_mean": 0.2875514328479767
    }
  }
}